title,contentId,artistName,completitionYear,image,artistUrl,genre,material,style,technique,for_model,image_path,image_size,image_width,image_height,image_new_size,image_new_width,image_new_height,image_new_path
Portrait of an Old Man in Red,220338,Rembrandt,1654.0,https://uploads6.wikiart.org/images/rembrandt/portrait-of-an-old-man-in-red-1654.jpg!Large.jpg,rembrandt,portrait,,Baroque,,1.0,wikiart-master/wiki_art_saved/rembrandt/images/rembrandt/1654/220338.jpg,"(676, 780)",676,780,"(256, 256, 'wikiart-master/wiki_art_saved/resized_images_120/rembrandt_1654_220338.jpg')",256,256,wikiart-master/wiki_art_saved/resized_images_120/rembrandt_1654_220338.jpg
Sacrifice of Isaac,9223372032559831301,Rembrandt,,https://uploads8.wikiart.org/00199/images/rembrandt/woa-image-1-2.jpg!Large.jpg,rembrandt,religious painting,,Baroque,,1.0,wikiart-master/wiki_art_saved/rembrandt/images/rembrandt/unknown-year/9223372032559831301.jpg,"(2471, 3633)",2471,3633,"(256, 256, 'wikiart-master/wiki_art_saved/resized_images_120/rembrandt_unknown-year_9223372032559831301.jpg')",256,256,wikiart-master/wiki_art_saved/resized_images_120/rembrandt_unknown-year_9223372032559831301.jpg
The Flight into Egypt,220601,Rembrandt,1654.0,https://uploads2.wikiart.org/images/rembrandt/the-flight-into-egypt.jpg!Large.jpg,rembrandt,religious painting,,Baroque,,1.0,wikiart-master/wiki_art_saved/rembrandt/images/rembrandt/1654/220601.jpg,"(760, 500)",760,500,"(256, 256, 'wikiart-master/wiki_art_saved/resized_images_120/rembrandt_1654_220601.jpg')",256,256,wikiart-master/wiki_art_saved/resized_images_120/rembrandt_1654_220601.jpg
The Entombment,220597,Rembrandt,1635.0,https://uploads0.wikiart.org/images/rembrandt/the-entombment-1635.jpg!Large.jpg,rembrandt,religious painting,,Baroque,,1.0,wikiart-master/wiki_art_saved/rembrandt/images/rembrandt/1635/220597.jpg,"(1035, 821)",1035,821,"(256, 256, 'wikiart-master/wiki_art_saved/resized_images_120/rembrandt_1635_220597.jpg')",256,256,wikiart-master/wiki_art_saved/resized_images_120/rembrandt_1635_220597.jpg
Mater Dolorosa,220237,Rembrandt,1660.0,https://uploads0.wikiart.org/images/rembrandt/mater-dolorosa-1660.jpg!Large.jpg,rembrandt,portrait,,"Baroque, Tenebrism",,1.0,wikiart-master/wiki_art_saved/rembrandt/images/rembrandt/1660/220237.jpg,"(695, 1000)",695,1000,"(256, 256, 'wikiart-master/wiki_art_saved/resized_images_120/rembrandt_1660_220237.jpg')",256,256,wikiart-master/wiki_art_saved/resized_images_120/rembrandt_1660_220237.jpg
Tobit and Anna,220707,Rembrandt,1659.0,https://uploads0.wikiart.org/images/rembrandt/tobit-and-anna-1659.jpg!Large.jpg,rembrandt,religious painting,,Baroque,,1.0,wikiart-master/wiki_art_saved/rembrandt/images/rembrandt/1659/220707.jpg,"(600, 458)",600,458,"(256, 256, 'wikiart-master/wiki_art_saved/resized_images_120/rembrandt_1659_220707.jpg')",256,256,wikiart-master/wiki_art_saved/resized_images_120/rembrandt_1659_220707.jpg
Artemisia,220041,Rembrandt,1634.0,https://uploads4.wikiart.org/images/rembrandt/artemisia-1634.jpg!Large.jpg,rembrandt,portrait,,"Baroque, Tenebrism",,1.0,wikiart-master/wiki_art_saved/rembrandt/images/rembrandt/1634/220041.jpg,"(1297, 1200)",1297,1200,"(256, 256, 'wikiart-master/wiki_art_saved/resized_images_120/rembrandt_1634_220041.jpg')",256,256,wikiart-master/wiki_art_saved/resized_images_120/rembrandt_1634_220041.jpg
Bathsheba at Her Bath (Bathsheba Holding King David's Letter),220048,Rembrandt,1654.0,https://uploads3.wikiart.org/images/rembrandt/bathsheba-bathing-1654.jpg!Large.jpg,rembrandt,religious painting,,Baroque,,1.0,wikiart-master/wiki_art_saved/rembrandt/images/rembrandt/1654/220048.jpg,"(1043, 1033)",1043,1033,"(256, 256, 'wikiart-master/wiki_art_saved/resized_images_120/rembrandt_1654_220048.jpg')",256,256,wikiart-master/wiki_art_saved/resized_images_120/rembrandt_1654_220048.jpg
Portrait of a Young Woman,220326,Rembrandt,1655.0,https://uploads2.wikiart.org/images/rembrandt/portrait-of-a-young-woman-1655.jpg!Large.jpg,rembrandt,portrait,,Baroque,,1.0,wikiart-master/wiki_art_saved/rembrandt/images/rembrandt/1655/220326.jpg,"(420, 497)",420,497,"(256, 256, 'wikiart-master/wiki_art_saved/resized_images_120/rembrandt_1655_220326.jpg')",256,256,wikiart-master/wiki_art_saved/resized_images_120/rembrandt_1655_220326.jpg
Self-portrait,220432,Rembrandt,1630.0,https://uploads8.wikiart.org/images/rembrandt/self-portrait-1630.jpg!Large.jpg,rembrandt,"self-portrait, tronie",,Baroque,,1.0,wikiart-master/wiki_art_saved/rembrandt/images/rembrandt/1630/220432.jpg,"(1409, 1600)",1409,1600,"(256, 256, 'wikiart-master/wiki_art_saved/resized_images_120/rembrandt_1630_220432.jpg')",256,256,wikiart-master/wiki_art_saved/resized_images_120/rembrandt_1630_220432.jpg
The Three Crosses,220678,Rembrandt,1653.0,https://uploads3.wikiart.org/images/rembrandt/the-three-crosses-1653.jpg!Large.jpg,rembrandt,religious painting,,Baroque,,1.0,wikiart-master/wiki_art_saved/rembrandt/images/rembrandt/1653/220678.jpg,"(902, 780)",902,780,"(256, 256, 'wikiart-master/wiki_art_saved/resized_images_120/rembrandt_1653_220678.jpg')",256,256,wikiart-master/wiki_art_saved/resized_images_120/rembrandt_1653_220678.jpg
Self-portrait with beret and turned up collar,220492,Rembrandt,1659.0,https://uploads4.wikiart.org/images/rembrandt/self-portrait-with-beret-and-turned-up-collar-1659.jpg!Large.jpg,rembrandt,"self-portrait, tronie",,"Baroque, Tenebrism",,1.0,wikiart-master/wiki_art_saved/rembrandt/images/rembrandt/1659/220492.jpg,"(540, 659)",540,659,"(256, 256, 'wikiart-master/wiki_art_saved/resized_images_120/rembrandt_1659_220492.jpg')",256,256,wikiart-master/wiki_art_saved/resized_images_120/rembrandt_1659_220492.jpg
The Lamentation over the Dead Christ,220618,Rembrandt,1635.0,https://uploads8.wikiart.org/images/rembrandt/the-lamentation-over-the-dead-christ.jpg!Large.jpg,rembrandt,religious painting,,Baroque,,1.0,wikiart-master/wiki_art_saved/rembrandt/images/rembrandt/1635/220618.jpg,"(663, 810)",663,810,"(256, 256, 'wikiart-master/wiki_art_saved/resized_images_120/rembrandt_1635_220618.jpg')",256,256,wikiart-master/wiki_art_saved/resized_images_120/rembrandt_1635_220618.jpg
"Self-Portrait, Leaning Forward (Listening)",220507,Rembrandt,1628.0,https://uploads7.wikiart.org/images/rembrandt/self-portrait-leaning-forward-listening-1628.jpg!Large.jpg,rembrandt,"self-portrait, tronie",,Baroque,,1.0,wikiart-master/wiki_art_saved/rembrandt/images/rembrandt/1628/220507.jpg,"(1061, 1280)",1061,1280,"(256, 256, 'wikiart-master/wiki_art_saved/resized_images_120/rembrandt_1628_220507.jpg')",256,256,wikiart-master/wiki_art_saved/resized_images_120/rembrandt_1628_220507.jpg
River Landscape with a Windmill,220404,Rembrandt,1640.0,https://uploads8.wikiart.org/images/rembrandt/river-landscape-with-a-windmill-1640.jpg!Large.jpg,rembrandt,landscape,,Baroque,,1.0,wikiart-master/wiki_art_saved/rembrandt/images/rembrandt/1640/220404.jpg,"(700, 535)",700,535,"(256, 256, 'wikiart-master/wiki_art_saved/resized_images_120/rembrandt_1640_220404.jpg')",256,256,wikiart-master/wiki_art_saved/resized_images_120/rembrandt_1640_220404.jpg
Lion Resting,220218,Rembrandt,1652.0,https://uploads7.wikiart.org/images/rembrandt/lion-resting-1652.jpg!Large.jpg,rembrandt,animal painting,,Baroque,,1.0,wikiart-master/wiki_art_saved/rembrandt/images/rembrandt/1652/220218.jpg,"(1600, 1067)",1600,1067,"(256, 256, 'wikiart-master/wiki_art_saved/resized_images_120/rembrandt_1652_220218.jpg')",256,256,wikiart-master/wiki_art_saved/resized_images_120/rembrandt_1652_220218.jpg
Bust of Young Woman (probably Saskia van Uylenburgh),220079,Rembrandt,1633.0,https://uploads0.wikiart.org/images/rembrandt/bust-of-young-woman-probably-saskia-van-uylenburgh-1633.jpg!Large.jpg,rembrandt,portrait,,"Baroque, Tenebrism",,1.0,wikiart-master/wiki_art_saved/rembrandt/images/rembrandt/1633/220079.jpg,"(1199, 1600)",1199,1600,"(256, 256, 'wikiart-master/wiki_art_saved/resized_images_120/rembrandt_1633_220079.jpg')",256,256,wikiart-master/wiki_art_saved/resized_images_120/rembrandt_1633_220079.jpg
The Archangel Raphael Taking Leave of the Tobit Family,220563,Rembrandt,1637.0,https://uploads4.wikiart.org/images/rembrandt/the-archangel-raphael-taking-leave-of-the-tobit-family-1637.jpg!Large.jpg,rembrandt,religious painting,,"Baroque, Tenebrism",,1.0,wikiart-master/wiki_art_saved/rembrandt/images/rembrandt/1637/220563.jpg,"(795, 1045)",795,1045,"(256, 256, 'wikiart-master/wiki_art_saved/resized_images_120/rembrandt_1637_220563.jpg')",256,256,wikiart-master/wiki_art_saved/resized_images_120/rembrandt_1637_220563.jpg
Christ at Emmaus,220088,Rembrandt,1634.0,https://uploads2.wikiart.org/images/rembrandt/christ-at-emmaus-1634.jpg!Large.jpg,rembrandt,religious painting,,Baroque,,1.0,wikiart-master/wiki_art_saved/rembrandt/images/rembrandt/1634/220088.jpg,"(943, 1280)",943,1280,"(256, 256, 'wikiart-master/wiki_art_saved/resized_images_120/rembrandt_1634_220088.jpg')",256,256,wikiart-master/wiki_art_saved/resized_images_120/rembrandt_1634_220088.jpg
Woman in bed,220729,Rembrandt,1645.0,https://uploads7.wikiart.org/images/rembrandt/woman-in-bed-1645.jpg!Large.jpg,rembrandt,"portrait, tronie",,Baroque,,1.0,wikiart-master/wiki_art_saved/rembrandt/images/rembrandt/1645/220729.jpg,"(2178, 2947)",2178,2947,"(256, 256, 'wikiart-master/wiki_art_saved/resized_images_120/rembrandt_1645_220729.jpg')",256,256,wikiart-master/wiki_art_saved/resized_images_120/rembrandt_1645_220729.jpg
Self-portrait drawing at a window,220471,Rembrandt,1648.0,https://uploads1.wikiart.org/images/rembrandt/self-portrait-drawing-at-a-window-1648.jpg!Large.jpg,rembrandt,self-portrait,,Baroque,,1.0,wikiart-master/wiki_art_saved/rembrandt/images/rembrandt/1648/220471.jpg,"(1050, 1280)",1050,1280,"(256, 256, 'wikiart-master/wiki_art_saved/resized_images_120/rembrandt_1648_220471.jpg')",256,256,wikiart-master/wiki_art_saved/resized_images_120/rembrandt_1648_220471.jpg
The entombment,220599,Rembrandt,1654.0,https://uploads0.wikiart.org/images/rembrandt/the-entombment-1654.jpg!Large.jpg,rembrandt,religious painting,,Baroque,,1.0,wikiart-master/wiki_art_saved/rembrandt/images/rembrandt/1654/220599.jpg,"(1013, 1280)",1013,1280,"(256, 256, 'wikiart-master/wiki_art_saved/resized_images_120/rembrandt_1654_220599.jpg')",256,256,wikiart-master/wiki_art_saved/resized_images_120/rembrandt_1654_220599.jpg
The Unity (Agreement) in the Country,220685,Rembrandt,1641.0,https://uploads6.wikiart.org/images/rembrandt/the-unity-agreement-in-the-country.jpg!Large.jpg,rembrandt,history painting,,Baroque,,1.0,wikiart-master/wiki_art_saved/rembrandt/images/rembrandt/1641/220685.jpg,"(735, 544)",735,544,"(256, 256, 'wikiart-master/wiki_art_saved/resized_images_120/rembrandt_1641_220685.jpg')",256,256,wikiart-master/wiki_art_saved/resized_images_120/rembrandt_1641_220685.jpg
Portrait of Andries de Graeff,220342,Rembrandt,1639.0,https://uploads1.wikiart.org/images/rembrandt/portrait-of-andries-de-graeff.jpg!Large.jpg,rembrandt,portrait,,Baroque,,1.0,wikiart-master/wiki_art_saved/rembrandt/images/rembrandt/1639/220342.jpg,"(800, 1296)",800,1296,"(256, 256, 'wikiart-master/wiki_art_saved/resized_images_120/rembrandt_1639_220342.jpg')",256,256,wikiart-master/wiki_art_saved/resized_images_120/rembrandt_1639_220342.jpg
Minerva,220240,Rembrandt,1632.0,https://uploads2.wikiart.org/images/rembrandt/minerva-1632.jpg!Large.jpg,rembrandt,mythological painting,,Baroque,,1.0,wikiart-master/wiki_art_saved/rembrandt/images/rembrandt/1632/220240.jpg,"(660, 826)",660,826,"(256, 256, 'wikiart-master/wiki_art_saved/resized_images_120/rembrandt_1632_220240.jpg')",256,256,wikiart-master/wiki_art_saved/resized_images_120/rembrandt_1632_220240.jpg
Seated Female Nude,220426,Rembrandt,1631.0,https://uploads8.wikiart.org/images/rembrandt/seated-female-nude.jpg!Large.jpg,rembrandt,nude painting (nu),,Baroque,,1.0,wikiart-master/wiki_art_saved/rembrandt/images/rembrandt/1631/220426.jpg,"(776, 890)",776,890,"(256, 256, 'wikiart-master/wiki_art_saved/resized_images_120/rembrandt_1631_220426.jpg')",256,256,wikiart-master/wiki_art_saved/resized_images_120/rembrandt_1631_220426.jpg
Abraham and Isaac,220005,Rembrandt,1645.0,https://uploads3.wikiart.org/images/rembrandt/abraham-and-isaac-1645.jpg!Large.jpg,rembrandt,religious painting,,Baroque,,1.0,wikiart-master/wiki_art_saved/rembrandt/images/rembrandt/1645/220005.jpg,"(1054, 1280)",1054,1280,"(256, 256, 'wikiart-master/wiki_art_saved/resized_images_120/rembrandt_1645_220005.jpg')",256,256,wikiart-master/wiki_art_saved/resized_images_120/rembrandt_1645_220005.jpg
Beggar with his left hand extended,220058,Rembrandt,1631.0,https://uploads2.wikiart.org/images/rembrandt/beggar-with-his-left-hand-extended-1631.jpg!Large.jpg,rembrandt,genre painting,,Baroque,,1.0,wikiart-master/wiki_art_saved/rembrandt/images/rembrandt/1631/220058.jpg,"(861, 1280)",861,1280,"(256, 256, 'wikiart-master/wiki_art_saved/resized_images_120/rembrandt_1631_220058.jpg')",256,256,wikiart-master/wiki_art_saved/resized_images_120/rembrandt_1631_220058.jpg
Large Self-portrait,220215,Rembrandt,1652.0,https://uploads5.wikiart.org/images/rembrandt/large-self-portrait-1652.jpg!Large.jpg,rembrandt,self-portrait,,"Baroque, Tenebrism",,1.0,wikiart-master/wiki_art_saved/rembrandt/images/rembrandt/1652/220215.jpg,"(776, 1100)",776,1100,"(256, 256, 'wikiart-master/wiki_art_saved/resized_images_120/rembrandt_1652_220215.jpg')",256,256,wikiart-master/wiki_art_saved/resized_images_120/rembrandt_1652_220215.jpg
Angel Departing from the Family of Tobias,220035,Rembrandt,1641.0,https://uploads0.wikiart.org/images/rembrandt/angel-departing-from-the-family-of-tobias-1641.jpg!Large.jpg,rembrandt,religious painting,,Baroque,,1.0,wikiart-master/wiki_art_saved/rembrandt/images/rembrandt/1641/220035.jpg,"(1040, 706)",1040,706,"(256, 256, 'wikiart-master/wiki_art_saved/resized_images_120/rembrandt_1641_220035.jpg')",256,256,wikiart-master/wiki_art_saved/resized_images_120/rembrandt_1641_220035.jpg
Self-portrait with plumed cap and lowered sabre,220500,Rembrandt,1634.0,https://uploads6.wikiart.org/images/rembrandt/self-portrait-with-plumed-cap-and-lowered-sabre-1634.jpg!Large.jpg,rembrandt,self-portrait,,Baroque,,1.0,wikiart-master/wiki_art_saved/rembrandt/images/rembrandt/1634/220500.jpg,"(1058, 1280)",1058,1280,"(256, 256, 'wikiart-master/wiki_art_saved/resized_images_120/rembrandt_1634_220500.jpg')",256,256,wikiart-master/wiki_art_saved/resized_images_120/rembrandt_1634_220500.jpg
St Anthonisgate Amsterdam Sun,220520,Rembrandt,1652.0,https://uploads1.wikiart.org/images/rembrandt/st-anthonisgate-amsterdam-sun.jpg!Large.jpg,rembrandt,landscape,,Baroque,,1.0,wikiart-master/wiki_art_saved/rembrandt/images/rembrandt/1652/220520.jpg,"(1002, 795)",1002,795,"(256, 256, 'wikiart-master/wiki_art_saved/resized_images_120/rembrandt_1652_220520.jpg')",256,256,wikiart-master/wiki_art_saved/resized_images_120/rembrandt_1652_220520.jpg
Adoration of the magi,220014,Rembrandt,1632.0,https://uploads7.wikiart.org/images/rembrandt/adoration-of-the-magi-1632.jpg!Large.jpg,rembrandt,religious painting,,"Baroque, Tenebrism",,1.0,wikiart-master/wiki_art_saved/rembrandt/images/rembrandt/1632/220014.jpg,"(500, 575)",500,575,"(256, 256, 'wikiart-master/wiki_art_saved/resized_images_120/rembrandt_1632_220014.jpg')",256,256,wikiart-master/wiki_art_saved/resized_images_120/rembrandt_1632_220014.jpg
Lucretia,220223,Rembrandt,1666.0,https://uploads3.wikiart.org/images/rembrandt/lucretia-1666.jpg!Large.jpg,rembrandt,portrait,,"Baroque, Tenebrism",,1.0,wikiart-master/wiki_art_saved/rembrandt/images/rembrandt/1666/220223.jpg,"(669, 796)",669,796,"(256, 256, 'wikiart-master/wiki_art_saved/resized_images_120/rembrandt_1666_220223.jpg')",256,256,wikiart-master/wiki_art_saved/resized_images_120/rembrandt_1666_220223.jpg
Self-Portrait Leaning Forward (bust),220484,Rembrandt,1628.0,https://uploads2.wikiart.org/images/rembrandt/self-portrait-leaning-forward-bust-1628.jpg!Large.jpg,rembrandt,"self-portrait, tronie",,Baroque,,1.0,wikiart-master/wiki_art_saved/rembrandt/images/rembrandt/1628/220484.jpg,"(1202, 1280)",1202,1280,"(256, 256, 'wikiart-master/wiki_art_saved/resized_images_120/rembrandt_1628_220484.jpg')",256,256,wikiart-master/wiki_art_saved/resized_images_120/rembrandt_1628_220484.jpg
Bust of a Bearded Old Man,220068,Rembrandt,1630.0,https://uploads6.wikiart.org/images/rembrandt/bust-of-a-bearded-old-man.jpg!Large.jpg,rembrandt,portrait,,Baroque,,1.0,wikiart-master/wiki_art_saved/rembrandt/images/rembrandt/1630/220068.jpg,"(300, 450)",300,450,"(256, 256, 'wikiart-master/wiki_art_saved/resized_images_120/rembrandt_1630_220068.jpg')",256,256,wikiart-master/wiki_art_saved/resized_images_120/rembrandt_1630_220068.jpg
The blind fiddler,220576,Rembrandt,1631.0,https://uploads3.wikiart.org/images/rembrandt/the-blind-fiddler-1631.jpg!Large.jpg,rembrandt,genre painting,,Baroque,,1.0,wikiart-master/wiki_art_saved/rembrandt/images/rembrandt/1631/220576.jpg,"(905, 1280)",905,1280,"(256, 256, 'wikiart-master/wiki_art_saved/resized_images_120/rembrandt_1631_220576.jpg')",256,256,wikiart-master/wiki_art_saved/resized_images_120/rembrandt_1631_220576.jpg
"An Old Man, Wearing a Rich Velvet Cap",220031,Rembrandt,1637.0,https://uploads4.wikiart.org/images/rembrandt/an-old-man-wearing-a-rich-velvet-cap-1637.jpg!Large.jpg,rembrandt,portrait,,Baroque,,1.0,wikiart-master/wiki_art_saved/rembrandt/images/rembrandt/1637/220031.jpg,"(760, 858)",760,858,"(256, 256, 'wikiart-master/wiki_art_saved/resized_images_120/rembrandt_1637_220031.jpg')",256,256,wikiart-master/wiki_art_saved/resized_images_120/rembrandt_1637_220031.jpg
The Bull,220581,Rembrandt,1650.0,https://uploads3.wikiart.org/images/rembrandt/the-bull-1650.jpg!Large.jpg,rembrandt,animal painting,,Baroque,,1.0,wikiart-master/wiki_art_saved/rembrandt/images/rembrandt/1650/220581.jpg,"(941, 696)",941,696,"(256, 256, 'wikiart-master/wiki_art_saved/resized_images_120/rembrandt_1650_220581.jpg')",256,256,wikiart-master/wiki_art_saved/resized_images_120/rembrandt_1650_220581.jpg
Self-portrait in oriental attire with poodle,220481,Rembrandt,1631.0,https://uploads3.wikiart.org/images/rembrandt/self-portrait-in-oriental-attire-with-poodle-1631.jpg!Large.jpg,rembrandt,self-portrait,,Baroque,,1.0,wikiart-master/wiki_art_saved/rembrandt/images/rembrandt/1631/220481.jpg,"(600, 788)",600,788,"(256, 256, 'wikiart-master/wiki_art_saved/resized_images_120/rembrandt_1631_220481.jpg')",256,256,wikiart-master/wiki_art_saved/resized_images_120/rembrandt_1631_220481.jpg
Cup and Oranges,218394,Renoir Pierre-Auguste,,https://uploads8.wikiart.org/images/pierre-auguste-renoir/cup-and-oranges.jpg!Large.jpg,pierre-auguste-renoir,still life,,Impressionism,,1.0,wikiart-master/wiki_art_saved/renoir/images/pierre-auguste-renoir/unknown-year/218394.jpg,"(902, 524)",902,524,"(256, 256, 'wikiart-master/wiki_art_saved/resized_images_120/pierre-auguste-renoir_unknown-year_218394.jpg')",256,256,wikiart-master/wiki_art_saved/resized_images_120/pierre-auguste-renoir_unknown-year_218394.jpg
Head of a Young Girl,218545,Renoir Pierre-Auguste,1905.0,https://uploads0.wikiart.org/images/pierre-auguste-renoir/head-of-a-young-girl-1905.jpg!Large.jpg,pierre-auguste-renoir,portrait,,Impressionism,,1.0,wikiart-master/wiki_art_saved/renoir/images/pierre-auguste-renoir/1905/218545.jpg,"(831, 1048)",831,1048,"(256, 256, 'wikiart-master/wiki_art_saved/resized_images_120/pierre-auguste-renoir_1905_218545.jpg')",256,256,wikiart-master/wiki_art_saved/resized_images_120/pierre-auguste-renoir_1905_218545.jpg
Still Life with Peaches,219109,Renoir Pierre-Auguste,,https://uploads7.wikiart.org/images/pierre-auguste-renoir/still-life-with-peaches.jpg!Large.jpg,pierre-auguste-renoir,still life,,Impressionism,,1.0,wikiart-master/wiki_art_saved/renoir/images/pierre-auguste-renoir/unknown-year/219109.jpg,"(703, 567)",703,567,"(256, 256, 'wikiart-master/wiki_art_saved/resized_images_120/pierre-auguste-renoir_unknown-year_219109.jpg')",256,256,wikiart-master/wiki_art_saved/resized_images_120/pierre-auguste-renoir_unknown-year_219109.jpg
The reading,219282,Renoir Pierre-Auguste,1890.0,https://uploads4.wikiart.org/images/pierre-auguste-renoir/the-reading.jpg!Large.jpg,pierre-auguste-renoir,genre painting,,Impressionism,,1.0,wikiart-master/wiki_art_saved/renoir/images/pierre-auguste-renoir/1890/219282.jpg,"(906, 768)",906,768,"(256, 256, 'wikiart-master/wiki_art_saved/resized_images_120/pierre-auguste-renoir_1890_219282.jpg')",256,256,wikiart-master/wiki_art_saved/resized_images_120/pierre-auguste-renoir_1890_219282.jpg
Vase of Flowers,219363,Renoir Pierre-Auguste,,https://uploads1.wikiart.org/images/pierre-auguste-renoir/vase-of-flowers-2.jpg!Large.jpg,pierre-auguste-renoir,flower painting,,Impressionism,,1.0,wikiart-master/wiki_art_saved/renoir/images/pierre-auguste-renoir/unknown-year/219363.jpg,"(622, 800)",622,800,"(256, 256, 'wikiart-master/wiki_art_saved/resized_images_120/pierre-auguste-renoir_unknown-year_219363.jpg')",256,256,wikiart-master/wiki_art_saved/resized_images_120/pierre-auguste-renoir_unknown-year_219363.jpg
Gabrielle in a Red Blouse,218457,Renoir Pierre-Auguste,1896.0,https://uploads5.wikiart.org/images/pierre-auguste-renoir/gabrielle-in-a-red-blouse-1896.jpg!Large.jpg,pierre-auguste-renoir,portrait,,Impressionism,,1.0,wikiart-master/wiki_art_saved/renoir/images/pierre-auguste-renoir/1896/218457.jpg,"(983, 1006)",983,1006,"(256, 256, 'wikiart-master/wiki_art_saved/resized_images_120/pierre-auguste-renoir_1896_218457.jpg')",256,256,wikiart-master/wiki_art_saved/resized_images_120/pierre-auguste-renoir_1896_218457.jpg
Seated Female Nude,219022,Renoir Pierre-Auguste,1910.0,https://uploads7.wikiart.org/images/pierre-auguste-renoir/seated-female-nude-1910.jpg!Large.jpg,pierre-auguste-renoir,nude painting (nu),,Impressionism,,1.0,wikiart-master/wiki_art_saved/renoir/images/pierre-auguste-renoir/1910/219022.jpg,"(834, 1024)",834,1024,"(256, 256, 'wikiart-master/wiki_art_saved/resized_images_120/pierre-auguste-renoir_1910_219022.jpg')",256,256,wikiart-master/wiki_art_saved/resized_images_120/pierre-auguste-renoir_1910_219022.jpg
Woman with a rose,219470,Renoir Pierre-Auguste,1876.0,https://uploads6.wikiart.org/images/pierre-auguste-renoir/woman-with-a-rose-1876.jpg!Large.jpg,pierre-auguste-renoir,portrait,,Impressionism,,1.0,wikiart-master/wiki_art_saved/renoir/images/pierre-auguste-renoir/1876/219470.jpg,"(778, 1050)",778,1050,"(256, 256, 'wikiart-master/wiki_art_saved/resized_images_120/pierre-auguste-renoir_1876_219470.jpg')",256,256,wikiart-master/wiki_art_saved/resized_images_120/pierre-auguste-renoir_1876_219470.jpg
Gabrielle in the Garden at Cagnes,218461,Renoir Pierre-Auguste,1911.0,https://uploads4.wikiart.org/images/pierre-auguste-renoir/gabrielle-in-the-garden-at-cagnes-1911.jpg!Large.jpg,pierre-auguste-renoir,portrait,,Impressionism,,1.0,wikiart-master/wiki_art_saved/renoir/images/pierre-auguste-renoir/1911/218461.jpg,"(836, 1012)",836,1012,"(256, 256, 'wikiart-master/wiki_art_saved/resized_images_120/pierre-auguste-renoir_1911_218461.jpg')",256,256,wikiart-master/wiki_art_saved/resized_images_120/pierre-auguste-renoir_1911_218461.jpg
Young Woman Looking at a Print,219567,Renoir Pierre-Auguste,1896.0,https://uploads1.wikiart.org/images/pierre-auguste-renoir/young-woman-looking-at-a-print-1896.jpg!Large.jpg,pierre-auguste-renoir,genre painting,,Impressionism,,1.0,wikiart-master/wiki_art_saved/renoir/images/pierre-auguste-renoir/1896/219567.jpg,"(824, 1003)",824,1003,"(256, 256, 'wikiart-master/wiki_art_saved/resized_images_120/pierre-auguste-renoir_1896_219567.jpg')",256,256,wikiart-master/wiki_art_saved/resized_images_120/pierre-auguste-renoir_1896_219567.jpg
Madame Robert de Bonnieres,218727,Renoir Pierre-Auguste,1889.0,https://uploads6.wikiart.org/images/pierre-auguste-renoir/madame-robert-de-bonnieres-1889.jpg!Large.jpg,pierre-auguste-renoir,portrait,,Impressionism,,1.0,wikiart-master/wiki_art_saved/renoir/images/pierre-auguste-renoir/1889/218727.jpg,"(852, 1127)",852,1127,"(256, 256, 'wikiart-master/wiki_art_saved/resized_images_120/pierre-auguste-renoir_1889_218727.jpg')",256,256,wikiart-master/wiki_art_saved/resized_images_120/pierre-auguste-renoir_1889_218727.jpg
Woman in a hat with flowers,219418,Renoir Pierre-Auguste,1917.0,https://uploads7.wikiart.org/images/pierre-auguste-renoir/woman-in-a-hat-with-flowers-1917.jpg!Large.jpg,pierre-auguste-renoir,portrait,,Impressionism,,1.0,wikiart-master/wiki_art_saved/renoir/images/pierre-auguste-renoir/1917/219418.jpg,"(924, 731)",924,731,"(256, 256, 'wikiart-master/wiki_art_saved/resized_images_120/pierre-auguste-renoir_1917_219418.jpg')",256,256,wikiart-master/wiki_art_saved/resized_images_120/pierre-auguste-renoir_1917_219418.jpg
Nude in the Greenery,218804,Renoir Pierre-Auguste,1887.0,https://uploads0.wikiart.org/images/pierre-auguste-renoir/nude-in-the-greenery-1887.jpg!Large.jpg,pierre-auguste-renoir,nude painting (nu),,Impressionism,,1.0,wikiart-master/wiki_art_saved/renoir/images/pierre-auguste-renoir/1887/218804.jpg,"(813, 1006)",813,1006,"(256, 256, 'wikiart-master/wiki_art_saved/resized_images_120/pierre-auguste-renoir_1887_218804.jpg')",256,256,wikiart-master/wiki_art_saved/resized_images_120/pierre-auguste-renoir_1887_218804.jpg
Young Woman Seated on the Grass,219574,Renoir Pierre-Auguste,1905.0,https://uploads6.wikiart.org/images/pierre-auguste-renoir/young-woman-seated-on-the-grass.jpg!Large.jpg,pierre-auguste-renoir,genre painting,,Impressionism,,1.0,wikiart-master/wiki_art_saved/renoir/images/pierre-auguste-renoir/1905/219574.jpg,"(1057, 766)",1057,766,"(256, 256, 'wikiart-master/wiki_art_saved/resized_images_120/pierre-auguste-renoir_1905_219574.jpg')",256,256,wikiart-master/wiki_art_saved/resized_images_120/pierre-auguste-renoir_1905_219574.jpg
Bouquet of Roses,218291,Renoir Pierre-Auguste,1900.0,https://uploads5.wikiart.org/images/pierre-auguste-renoir/bouquet-of-roses-1900.jpg!Large.jpg,pierre-auguste-renoir,flower painting,,Impressionism,,1.0,wikiart-master/wiki_art_saved/renoir/images/pierre-auguste-renoir/1900/218291.jpg,"(837, 987)",837,987,"(256, 256, 'wikiart-master/wiki_art_saved/resized_images_120/pierre-auguste-renoir_1900_218291.jpg')",256,256,wikiart-master/wiki_art_saved/resized_images_120/pierre-auguste-renoir_1900_218291.jpg
Gypsy Girl,218532,Renoir Pierre-Auguste,1879.0,https://uploads8.wikiart.org/images/pierre-auguste-renoir/gypsy-girl-1879.jpg!Large.jpg,pierre-auguste-renoir,portrait,,Impressionism,,1.0,wikiart-master/wiki_art_saved/renoir/images/pierre-auguste-renoir/1879/218532.jpg,"(750, 1020)",750,1020,"(256, 256, 'wikiart-master/wiki_art_saved/resized_images_120/pierre-auguste-renoir_1879_218532.jpg')",256,256,wikiart-master/wiki_art_saved/resized_images_120/pierre-auguste-renoir_1879_218532.jpg
The Pont des Arts and the Institut de France,219271,Renoir Pierre-Auguste,1867.0,https://uploads6.wikiart.org/images/pierre-auguste-renoir/the-pont-des-arts-and-the-institut-de-france-1867.jpg!Large.jpg,pierre-auguste-renoir,cityscape,,Realism,,1.0,wikiart-master/wiki_art_saved/renoir/images/pierre-auguste-renoir/1867/219271.jpg,"(1152, 704)",1152,704,"(256, 256, 'wikiart-master/wiki_art_saved/resized_images_120/pierre-auguste-renoir_1867_219271.jpg')",256,256,wikiart-master/wiki_art_saved/resized_images_120/pierre-auguste-renoir_1867_219271.jpg
Garden Scene in Brittany,218475,Renoir Pierre-Auguste,1886.0,https://uploads4.wikiart.org/images/pierre-auguste-renoir/garden-scene-in-brittany-1886.jpg!Large.jpg,pierre-auguste-renoir,genre painting,,Impressionism,,1.0,wikiart-master/wiki_art_saved/renoir/images/pierre-auguste-renoir/1886/218475.jpg,"(1244, 1024)",1244,1024,"(256, 256, 'wikiart-master/wiki_art_saved/resized_images_120/pierre-auguste-renoir_1886_218475.jpg')",256,256,wikiart-master/wiki_art_saved/resized_images_120/pierre-auguste-renoir_1886_218475.jpg
Landscape,218621,Renoir Pierre-Auguste,,https://uploads4.wikiart.org/images/pierre-auguste-renoir/landscape-7.jpg!Large.jpg,pierre-auguste-renoir,landscape,,Impressionism,,1.0,wikiart-master/wiki_art_saved/renoir/images/pierre-auguste-renoir/unknown-year/218621.jpg,"(1236, 1024)",1236,1024,"(256, 256, 'wikiart-master/wiki_art_saved/resized_images_120/pierre-auguste-renoir_unknown-year_218621.jpg')",256,256,wikiart-master/wiki_art_saved/resized_images_120/pierre-auguste-renoir_unknown-year_218621.jpg
The Seine at Asnieres (The Skiff),219291,Renoir Pierre-Auguste,1879.0,https://uploads2.wikiart.org/images/pierre-auguste-renoir/the-seine-at-asnieres-the-skiff-1879.jpg!Large.jpg,pierre-auguste-renoir,landscape,,Impressionism,,1.0,wikiart-master/wiki_art_saved/renoir/images/pierre-auguste-renoir/1879/219291.jpg,"(1152, 872)",1152,872,"(256, 256, 'wikiart-master/wiki_art_saved/resized_images_120/pierre-auguste-renoir_1879_219291.jpg')",256,256,wikiart-master/wiki_art_saved/resized_images_120/pierre-auguste-renoir_1879_219291.jpg
Portrait of Madame Duberville with Her Son Henri,218927,Renoir Pierre-Auguste,1910.0,https://uploads1.wikiart.org/images/pierre-auguste-renoir/portrait-of-madame-duberville-with-her-son-henri-1910.jpg!Large.jpg,pierre-auguste-renoir,portrait,,Impressionism,,1.0,wikiart-master/wiki_art_saved/renoir/images/pierre-auguste-renoir/1910/218927.jpg,"(799, 1031)",799,1031,"(256, 256, 'wikiart-master/wiki_art_saved/resized_images_120/pierre-auguste-renoir_1910_218927.jpg')",256,256,wikiart-master/wiki_art_saved/resized_images_120/pierre-auguste-renoir_1910_218927.jpg
Nude Seated in a Landscape,218810,Renoir Pierre-Auguste,,https://uploads1.wikiart.org/images/pierre-auguste-renoir/nude-seated-in-a-landscape.jpg!Large.jpg,pierre-auguste-renoir,nude painting (nu),,Impressionism,,1.0,wikiart-master/wiki_art_saved/renoir/images/pierre-auguste-renoir/unknown-year/218810.jpg,"(990, 1096)",990,1096,"(256, 256, 'wikiart-master/wiki_art_saved/resized_images_120/pierre-auguste-renoir_unknown-year_218810.jpg')",256,256,wikiart-master/wiki_art_saved/resized_images_120/pierre-auguste-renoir_unknown-year_218810.jpg
The Test Garden in Algiers,219304,Renoir Pierre-Auguste,1882.0,https://uploads6.wikiart.org/images/pierre-auguste-renoir/the-test-garden-in-algiers-1882.jpg!Large.jpg,pierre-auguste-renoir,landscape,,Impressionism,,1.0,wikiart-master/wiki_art_saved/renoir/images/pierre-auguste-renoir/1882/219304.jpg,"(805, 1030)",805,1030,"(256, 256, 'wikiart-master/wiki_art_saved/resized_images_120/pierre-auguste-renoir_1882_219304.jpg')",256,256,wikiart-master/wiki_art_saved/resized_images_120/pierre-auguste-renoir_1882_219304.jpg
Melon and Tomatos,218757,Renoir Pierre-Auguste,1903.0,https://uploads1.wikiart.org/images/pierre-auguste-renoir/melon-and-tomatos.jpg!Large.jpg,pierre-auguste-renoir,still life,,Impressionism,,1.0,wikiart-master/wiki_art_saved/renoir/images/pierre-auguste-renoir/1903/218757.jpg,"(800, 590)",800,590,"(256, 256, 'wikiart-master/wiki_art_saved/resized_images_120/pierre-auguste-renoir_1903_218757.jpg')",256,256,wikiart-master/wiki_art_saved/resized_images_120/pierre-auguste-renoir_1903_218757.jpg
Onions,218827,Renoir Pierre-Auguste,1881.0,https://uploads4.wikiart.org/images/pierre-auguste-renoir/onions-1881.jpg!Large.jpg,pierre-auguste-renoir,still life,,Impressionism,,1.0,wikiart-master/wiki_art_saved/renoir/images/pierre-auguste-renoir/1881/218827.jpg,"(1131, 676)",1131,676,"(256, 256, 'wikiart-master/wiki_art_saved/resized_images_120/pierre-auguste-renoir_1881_218827.jpg')",256,256,wikiart-master/wiki_art_saved/resized_images_120/pierre-auguste-renoir_1881_218827.jpg
The letter,219246,Renoir Pierre-Auguste,1900.0,https://uploads8.wikiart.org/images/pierre-auguste-renoir/the-letter-1900.jpg!Large.jpg,pierre-auguste-renoir,genre painting,,Impressionism,,1.0,wikiart-master/wiki_art_saved/renoir/images/pierre-auguste-renoir/1900/219246.jpg,"(950, 756)",950,756,"(256, 256, 'wikiart-master/wiki_art_saved/resized_images_120/pierre-auguste-renoir_1900_219246.jpg')",256,256,wikiart-master/wiki_art_saved/resized_images_120/pierre-auguste-renoir_1900_219246.jpg
Summer,219152,Renoir Pierre-Auguste,1875.0,https://uploads4.wikiart.org/images/pierre-auguste-renoir/summer-1875.jpg!Large.jpg,pierre-auguste-renoir,portrait,,Impressionism,,1.0,wikiart-master/wiki_art_saved/renoir/images/pierre-auguste-renoir/1875/219152.jpg,"(565, 695)",565,695,"(256, 256, 'wikiart-master/wiki_art_saved/resized_images_120/pierre-auguste-renoir_1875_219152.jpg')",256,256,wikiart-master/wiki_art_saved/resized_images_120/pierre-auguste-renoir_1875_219152.jpg
Woman with a Fan,219461,Renoir Pierre-Auguste,1906.0,https://uploads5.wikiart.org/images/pierre-auguste-renoir/woman-with-a-fan-1906.jpg!Large.jpg,pierre-auguste-renoir,portrait,,Impressionism,,1.0,wikiart-master/wiki_art_saved/renoir/images/pierre-auguste-renoir/1906/219461.jpg,"(786, 979)",786,979,"(256, 256, 'wikiart-master/wiki_art_saved/resized_images_120/pierre-auguste-renoir_1906_219461.jpg')",256,256,wikiart-master/wiki_art_saved/resized_images_120/pierre-auguste-renoir_1906_219461.jpg
Young Girls at the Piano,9223372032559850806,Renoir Pierre-Auguste,,https://uploads4.wikiart.org/00290/images/pierre-auguste-renoir/auguste-renoir-young-girls-at-the-piano-google-art-project-1.jpg!Large.jpg,pierre-auguste-renoir,figurative,,Impressionism,,1.0,wikiart-master/wiki_art_saved/renoir/images/pierre-auguste-renoir/unknown-year/9223372032559850806.jpg,"(4005, 5292)",4005,5292,"(256, 256, 'wikiart-master/wiki_art_saved/resized_images_120/pierre-auguste-renoir_unknown-year_9223372032559850806.jpg')",256,256,wikiart-master/wiki_art_saved/resized_images_120/pierre-auguste-renoir_unknown-year_9223372032559850806.jpg
Charles le Coeur,218346,Renoir Pierre-Auguste,1874.0,https://uploads5.wikiart.org/images/pierre-auguste-renoir/charles-le-coeur-1874.jpg!Large.jpg,pierre-auguste-renoir,portrait,,Impressionism,,1.0,wikiart-master/wiki_art_saved/renoir/images/pierre-auguste-renoir/1874/218346.jpg,"(774, 1182)",774,1182,"(256, 256, 'wikiart-master/wiki_art_saved/resized_images_120/pierre-auguste-renoir_1874_218346.jpg')",256,256,wikiart-master/wiki_art_saved/resized_images_120/pierre-auguste-renoir_1874_218346.jpg
Bouquet of flowers,218288,Renoir Pierre-Auguste,1881.0,https://uploads2.wikiart.org/images/pierre-auguste-renoir/bouquet-of-flowers.jpg!Large.jpg,pierre-auguste-renoir,flower painting,,Impressionism,,1.0,wikiart-master/wiki_art_saved/renoir/images/pierre-auguste-renoir/1881/218288.jpg,"(913, 720)",913,720,"(256, 256, 'wikiart-master/wiki_art_saved/resized_images_120/pierre-auguste-renoir_1881_218288.jpg')",256,256,wikiart-master/wiki_art_saved/resized_images_120/pierre-auguste-renoir_1881_218288.jpg
Red Roses,218970,Renoir Pierre-Auguste,,https://uploads2.wikiart.org/images/pierre-auguste-renoir/red-roses.jpg!Large.jpg,pierre-auguste-renoir,flower painting,,Impressionism,,1.0,wikiart-master/wiki_art_saved/renoir/images/pierre-auguste-renoir/unknown-year/218970.jpg,"(983, 504)",983,504,"(256, 256, 'wikiart-master/wiki_art_saved/resized_images_120/pierre-auguste-renoir_unknown-year_218970.jpg')",256,256,wikiart-master/wiki_art_saved/resized_images_120/pierre-auguste-renoir_unknown-year_218970.jpg
Aline and Pierre,218200,Renoir Pierre-Auguste,1887.0,https://uploads5.wikiart.org/images/pierre-auguste-renoir/aline-and-pierre-1887.jpg!Large.jpg,pierre-auguste-renoir,genre painting,,Impressionism,,1.0,wikiart-master/wiki_art_saved/renoir/images/pierre-auguste-renoir/1887/218200.jpg,"(777, 975)",777,975,"(256, 256, 'wikiart-master/wiki_art_saved/resized_images_120/pierre-auguste-renoir_1887_218200.jpg')",256,256,wikiart-master/wiki_art_saved/resized_images_120/pierre-auguste-renoir_1887_218200.jpg
Picking Flowers,218853,Renoir Pierre-Auguste,1875.0,https://uploads4.wikiart.org/images/pierre-auguste-renoir/picking-flowers-1875.jpg!Large.jpg,pierre-auguste-renoir,genre painting,,Impressionism,,1.0,wikiart-master/wiki_art_saved/renoir/images/pierre-auguste-renoir/1875/218853.jpg,"(1226, 1024)",1226,1024,"(256, 256, 'wikiart-master/wiki_art_saved/resized_images_120/pierre-auguste-renoir_1875_218853.jpg')",256,256,wikiart-master/wiki_art_saved/resized_images_120/pierre-auguste-renoir_1875_218853.jpg
Woman in White in the Garden at Colettes,219439,Renoir Pierre-Auguste,1915.0,https://uploads2.wikiart.org/images/pierre-auguste-renoir/woman-in-white-in-the-garden-at-colettes-1915.jpg!Large.jpg,pierre-auguste-renoir,landscape,,Impressionism,,1.0,wikiart-master/wiki_art_saved/renoir/images/pierre-auguste-renoir/1915/219439.jpg,"(1280, 925)",1280,925,"(256, 256, 'wikiart-master/wiki_art_saved/resized_images_120/pierre-auguste-renoir_1915_219439.jpg')",256,256,wikiart-master/wiki_art_saved/resized_images_120/pierre-auguste-renoir_1915_219439.jpg
Three Women and Child in a Landscape,219321,Renoir Pierre-Auguste,1918.0,https://uploads7.wikiart.org/images/pierre-auguste-renoir/three-women-and-child-in-a-landscape-1918.jpg!Large.jpg,pierre-auguste-renoir,genre painting,,Impressionism,,1.0,wikiart-master/wiki_art_saved/renoir/images/pierre-auguste-renoir/1918/219321.jpg,"(924, 1104)",924,1104,"(256, 256, 'wikiart-master/wiki_art_saved/resized_images_120/pierre-auguste-renoir_1918_219321.jpg')",256,256,wikiart-master/wiki_art_saved/resized_images_120/pierre-auguste-renoir_1918_219321.jpg
Arabs by the Sea,218224,Renoir Pierre-Auguste,,https://uploads0.wikiart.org/images/pierre-auguste-renoir/arabs-by-the-sea.jpg!Large.jpg,pierre-auguste-renoir,landscape,,Impressionism,,1.0,wikiart-master/wiki_art_saved/renoir/images/pierre-auguste-renoir/unknown-year/218224.jpg,"(1230, 1024)",1230,1024,"(256, 256, 'wikiart-master/wiki_art_saved/resized_images_120/pierre-auguste-renoir_unknown-year_218224.jpg')",256,256,wikiart-master/wiki_art_saved/resized_images_120/pierre-auguste-renoir_unknown-year_218224.jpg
The Powder Magazine at La Rochelle,219274,Renoir Pierre-Auguste,,https://uploads0.wikiart.org/images/pierre-auguste-renoir/the-powder-magazine-at-la-rochelle.jpg!Large.jpg,pierre-auguste-renoir,cityscape,,Impressionism,,1.0,wikiart-master/wiki_art_saved/renoir/images/pierre-auguste-renoir/unknown-year/219274.jpg,"(932, 736)",932,736,"(256, 256, 'wikiart-master/wiki_art_saved/resized_images_120/pierre-auguste-renoir_unknown-year_219274.jpg')",256,256,wikiart-master/wiki_art_saved/resized_images_120/pierre-auguste-renoir_unknown-year_219274.jpg
Gabrielle reading,218463,Renoir Pierre-Auguste,1906.0,https://uploads6.wikiart.org/images/pierre-auguste-renoir/gabrielle-reading-1906.jpg!Large.jpg,pierre-auguste-renoir,portrait,,Impressionism,,1.0,wikiart-master/wiki_art_saved/renoir/images/pierre-auguste-renoir/1906/218463.jpg,"(784, 948)",784,948,"(256, 256, 'wikiart-master/wiki_art_saved/resized_images_120/pierre-auguste-renoir_1906_218463.jpg')",256,256,wikiart-master/wiki_art_saved/resized_images_120/pierre-auguste-renoir_1906_218463.jpg
A Girl,218174,Renoir Pierre-Auguste,,https://uploads8.wikiart.org/images/pierre-auguste-renoir/a-girl.jpg!Large.jpg,pierre-auguste-renoir,genre painting,,Impressionism,,1.0,wikiart-master/wiki_art_saved/renoir/images/pierre-auguste-renoir/unknown-year/218174.jpg,"(549, 694)",549,694,"(256, 256, 'wikiart-master/wiki_art_saved/resized_images_120/pierre-auguste-renoir_unknown-year_218174.jpg')",256,256,wikiart-master/wiki_art_saved/resized_images_120/pierre-auguste-renoir_unknown-year_218174.jpg
Japanese art,206179,van Gogh Vincent ,1887.0,https://uploads5.wikiart.org/images/vincent-van-gogh/japanese-art-1887.jpg!Large.jpg,vincent-van-gogh,cityscape,,Japonism,,1.0,wikiart-master/wiki_art_saved/van_gogh/images/vincent-van-gogh/1887/206179.jpg,"(491, 665)",491,665,"(256, 256, 'wikiart-master/wiki_art_saved/resized_images_120/vincent-van-gogh_1887_206179.jpg')",256,256,wikiart-master/wiki_art_saved/resized_images_120/vincent-van-gogh_1887_206179.jpg
Head of a Woman,206116,van Gogh Vincent ,1885.0,https://uploads8.wikiart.org/images/vincent-van-gogh/head-of-a-woman-6(1).jpg!Large.jpg,vincent-van-gogh,portrait,,Realism,,1.0,wikiart-master/wiki_art_saved/van_gogh/images/vincent-van-gogh/1885/206116.jpg,"(598, 1024)",598,1024,"(256, 256, 'wikiart-master/wiki_art_saved/resized_images_120/vincent-van-gogh_1885_206116.jpg')",256,256,wikiart-master/wiki_art_saved/resized_images_120/vincent-van-gogh_1885_206116.jpg
The Houses on Schenkweg where Van Gogh Lived,207114,van Gogh Vincent ,1882.0,https://uploads1.wikiart.org/images/vincent-van-gogh/the-houses-on-schenkweg-where-van-gogh-lived-1882.jpg!Large.jpg,vincent-van-gogh,landscape,,Realism,,1.0,wikiart-master/wiki_art_saved/van_gogh/images/vincent-van-gogh/1882/207114.jpg,"(1024, 595)",1024,595,"(256, 256, 'wikiart-master/wiki_art_saved/resized_images_120/vincent-van-gogh_1882_207114.jpg')",256,256,wikiart-master/wiki_art_saved/resized_images_120/vincent-van-gogh_1882_207114.jpg
"Summer Evening, Wheatfield with Setting sun",207044,van Gogh Vincent ,1888.0,https://uploads8.wikiart.org/images/vincent-van-gogh/summer-evening-wheatfield-with-setting-sun-1888.jpg!Large.jpg,vincent-van-gogh,landscape,,Post-Impressionism,,1.0,wikiart-master/wiki_art_saved/van_gogh/images/vincent-van-gogh/1888/207044.jpg,"(1274, 1024)",1274,1024,"(256, 256, 'wikiart-master/wiki_art_saved/resized_images_120/vincent-van-gogh_1888_207044.jpg')",256,256,wikiart-master/wiki_art_saved/resized_images_120/vincent-van-gogh_1888_207044.jpg
Daughter of Jacob Meyer,205854,van Gogh Vincent ,1881.0,https://uploads1.wikiart.org/images/vincent-van-gogh/daughter-of-jacob-meyer-1881(1).jpg!Large.jpg,vincent-van-gogh,portrait,,Realism,,1.0,wikiart-master/wiki_art_saved/van_gogh/images/vincent-van-gogh/1881/205854.jpg,"(726, 1024)",726,1024,"(256, 256, 'wikiart-master/wiki_art_saved/resized_images_120/vincent-van-gogh_1881_205854.jpg')",256,256,wikiart-master/wiki_art_saved/resized_images_120/vincent-van-gogh_1881_205854.jpg
Skull,206884,van Gogh Vincent ,1887.0,https://uploads4.wikiart.org/images/vincent-van-gogh/skull-1.jpg!Large.jpg,vincent-van-gogh,vanitas,,"Post-Impressionism, Neo-Impressionism",,1.0,wikiart-master/wiki_art_saved/van_gogh/images/vincent-van-gogh/1887/206884.jpg,"(1320, 1795)",1320,1795,"(256, 256, 'wikiart-master/wiki_art_saved/resized_images_120/vincent-van-gogh_1887_206884.jpg')",256,256,wikiart-master/wiki_art_saved/resized_images_120/vincent-van-gogh_1887_206884.jpg
Still Life Majolica Jug with Wildflowers,206952,van Gogh Vincent ,1888.0,https://uploads6.wikiart.org/images/vincent-van-gogh/still-life-majolica-jug-with-wildflowers-1888.jpg!Large.jpg,vincent-van-gogh,still life,,Post-Impressionism,,1.0,wikiart-master/wiki_art_saved/van_gogh/images/vincent-van-gogh/1888/206952.jpg,"(835, 1024)",835,1024,"(256, 256, 'wikiart-master/wiki_art_saved/resized_images_120/vincent-van-gogh_1888_206952.jpg')",256,256,wikiart-master/wiki_art_saved/resized_images_120/vincent-van-gogh_1888_206952.jpg
View of Paris from Montmartre,207356,van Gogh Vincent ,1886.0,https://uploads4.wikiart.org/images/vincent-van-gogh/view-of-paris-from-montmartre-1886.jpg!Large.jpg,vincent-van-gogh,panorama,,Post-Impressionism,,1.0,wikiart-master/wiki_art_saved/van_gogh/images/vincent-van-gogh/1886/207356.jpg,"(2734, 1692)",2734,1692,"(256, 256, 'wikiart-master/wiki_art_saved/resized_images_120/vincent-van-gogh_1886_207356.jpg')",256,256,wikiart-master/wiki_art_saved/resized_images_120/vincent-van-gogh_1886_207356.jpg
The Plough and the Harrow (after Millet),207152,van Gogh Vincent ,1890.0,https://uploads4.wikiart.org/images/vincent-van-gogh/the-plough-and-the-harrow-after-millet-1890.jpg!Large.jpg,vincent-van-gogh,landscape,,Post-Impressionism,,1.0,wikiart-master/wiki_art_saved/van_gogh/images/vincent-van-gogh/1890/207152.jpg,"(1280, 1012)",1280,1012,"(256, 256, 'wikiart-master/wiki_art_saved/resized_images_120/vincent-van-gogh_1890_207152.jpg')",256,256,wikiart-master/wiki_art_saved/resized_images_120/vincent-van-gogh_1890_207152.jpg
Undergrowth,207296,van Gogh Vincent ,1887.0,https://uploads6.wikiart.org/images/vincent-van-gogh/undergrowth-1887-1.jpg!Large.jpg,vincent-van-gogh,landscape,,"Post-Impressionism, Neo-Impressionism",,1.0,wikiart-master/wiki_art_saved/van_gogh/images/vincent-van-gogh/1887/207296.jpg,"(1280, 904)",1280,904,"(256, 256, 'wikiart-master/wiki_art_saved/resized_images_120/vincent-van-gogh_1887_207296.jpg')",256,256,wikiart-master/wiki_art_saved/resized_images_120/vincent-van-gogh_1887_207296.jpg
Olive Trees against a Slope of a Hill,206376,van Gogh Vincent ,1889.0,https://uploads3.wikiart.org/images/vincent-van-gogh/olive-trees-against-a-slope-of-a-hill-1889.jpg!Large.jpg,vincent-van-gogh,landscape,,Post-Impressionism,,1.0,wikiart-master/wiki_art_saved/van_gogh/images/vincent-van-gogh/1889/206376.jpg,"(1270, 1024)",1270,1024,"(256, 256, 'wikiart-master/wiki_art_saved/resized_images_120/vincent-van-gogh_1889_206376.jpg')",256,256,wikiart-master/wiki_art_saved/resized_images_120/vincent-van-gogh_1889_206376.jpg
Bridge near the Schenkweg,205762,van Gogh Vincent ,1882.0,https://uploads7.wikiart.org/images/vincent-van-gogh/bridge-near-the-schenkweg(1).jpg!Large.jpg,vincent-van-gogh,cityscape,,Post-Impressionism,,1.0,wikiart-master/wiki_art_saved/van_gogh/images/vincent-van-gogh/1882/205762.jpg,"(1024, 618)",1024,618,"(256, 256, 'wikiart-master/wiki_art_saved/resized_images_120/vincent-van-gogh_1882_205762.jpg')",256,256,wikiart-master/wiki_art_saved/resized_images_120/vincent-van-gogh_1882_205762.jpg
"Portrait of Trabuc, an Attendant at Saint-Paul Hospital",206680,van Gogh Vincent ,1889.0,https://uploads2.wikiart.org/images/vincent-van-gogh/portrait-of-trabuc-an-attendant-at-saint-paul-hospital-1889.jpg!Large.jpg,vincent-van-gogh,portrait,,Post-Impressionism,,1.0,wikiart-master/wiki_art_saved/van_gogh/images/vincent-van-gogh/1889/206680.jpg,"(2033, 2715)",2033,2715,"(256, 256, 'wikiart-master/wiki_art_saved/resized_images_120/vincent-van-gogh_1889_206680.jpg')",256,256,wikiart-master/wiki_art_saved/resized_images_120/vincent-van-gogh_1889_206680.jpg
Wheat Field with a Lark,207419,van Gogh Vincent ,1887.0,https://uploads1.wikiart.org/images/vincent-van-gogh/wheat-field-with-a-lark-1887(1).jpg!Large.jpg,vincent-van-gogh,landscape,,"Post-Impressionism, Neo-Impressionism",,1.0,wikiart-master/wiki_art_saved/van_gogh/images/vincent-van-gogh/1887/207419.jpg,"(2760, 2280)",2760,2280,"(256, 256, 'wikiart-master/wiki_art_saved/resized_images_120/vincent-van-gogh_1887_207419.jpg')",256,256,wikiart-master/wiki_art_saved/resized_images_120/vincent-van-gogh_1887_207419.jpg
Self-Portrait with Pipe,206796,van Gogh Vincent ,1886.0,https://uploads0.wikiart.org/images/vincent-van-gogh/self-portrait-with-pipe-1886-1.jpg!Large.jpg,vincent-van-gogh,self-portrait,,Realism,,1.0,wikiart-master/wiki_art_saved/van_gogh/images/vincent-van-gogh/1886/206796.jpg,"(1261, 1697)",1261,1697,"(256, 256, 'wikiart-master/wiki_art_saved/resized_images_120/vincent-van-gogh_1886_206796.jpg')",256,256,wikiart-master/wiki_art_saved/resized_images_120/vincent-van-gogh_1886_206796.jpg
Landscape with the Chateau of Auvers at Sunset,206226,van Gogh Vincent ,1890.0,https://uploads3.wikiart.org/images/vincent-van-gogh/landscape-with-the-chateau-of-auvers-at-sunset-1890.jpg!Large.jpg,vincent-van-gogh,landscape,,Post-Impressionism,,1.0,wikiart-master/wiki_art_saved/van_gogh/images/vincent-van-gogh/1890/206226.jpg,"(2733, 1313)",2733,1313,"(256, 256, 'wikiart-master/wiki_art_saved/resized_images_120/vincent-van-gogh_1890_206226.jpg')",256,256,wikiart-master/wiki_art_saved/resized_images_120/vincent-van-gogh_1890_206226.jpg
Bowl with Peonies and Roses,205753,van Gogh Vincent ,1886.0,https://uploads5.wikiart.org/images/vincent-van-gogh/bowl-with-peonies-and-roses-1886(1).jpg!Large.jpg,vincent-van-gogh,flower painting,,Realism,,1.0,wikiart-master/wiki_art_saved/van_gogh/images/vincent-van-gogh/1886/205753.jpg,"(1243, 1024)",1243,1024,"(256, 256, 'wikiart-master/wiki_art_saved/resized_images_120/vincent-van-gogh_1886_205753.jpg')",256,256,wikiart-master/wiki_art_saved/resized_images_120/vincent-van-gogh_1886_205753.jpg
The Mill of Alphonse Daudet at Fontevieille,207130,van Gogh Vincent ,1888.0,https://uploads0.wikiart.org/images/vincent-van-gogh/the-mill-of-alphonse-daudet-at-fontevieille-1888.jpg!Large.jpg,vincent-van-gogh,landscape,,Post-Impressionism,,1.0,wikiart-master/wiki_art_saved/van_gogh/images/vincent-van-gogh/1888/207130.jpg,"(1280, 792)",1280,792,"(256, 256, 'wikiart-master/wiki_art_saved/resized_images_120/vincent-van-gogh_1888_207130.jpg')",256,256,wikiart-master/wiki_art_saved/resized_images_120/vincent-van-gogh_1888_207130.jpg
Garden with Flowers,205999,van Gogh Vincent ,1888.0,https://uploads8.wikiart.org/images/vincent-van-gogh/garden-with-flowers-1888-1(1).jpg!Large.jpg,vincent-van-gogh,landscape,,Post-Impressionism,,1.0,wikiart-master/wiki_art_saved/van_gogh/images/vincent-van-gogh/1888/205999.jpg,"(1796, 1434)",1796,1434,"(256, 256, 'wikiart-master/wiki_art_saved/resized_images_120/vincent-van-gogh_1888_205999.jpg')",256,256,wikiart-master/wiki_art_saved/resized_images_120/vincent-van-gogh_1888_205999.jpg
"Sien, Peeling Potatoes",206840,van Gogh Vincent ,1883.0,https://uploads5.wikiart.org/images/vincent-van-gogh/sien-peeling-potatoes-1883.jpg!Large.jpg,vincent-van-gogh,genre painting,,Realism,,1.0,wikiart-master/wiki_art_saved/van_gogh/images/vincent-van-gogh/1883/206840.jpg,"(673, 1024)",673,1024,"(256, 256, 'wikiart-master/wiki_art_saved/resized_images_120/vincent-van-gogh_1883_206840.jpg')",256,256,wikiart-master/wiki_art_saved/resized_images_120/vincent-van-gogh_1883_206840.jpg
Digger,205857,van Gogh Vincent ,1881.0,https://uploads2.wikiart.org/images/vincent-van-gogh/digger-1881(1).jpg!Large.jpg,vincent-van-gogh,genre painting,,Realism,,1.0,wikiart-master/wiki_art_saved/van_gogh/images/vincent-van-gogh/1881/205857.jpg,"(785, 1024)",785,1024,"(256, 256, 'wikiart-master/wiki_art_saved/resized_images_120/vincent-van-gogh_1881_205857.jpg')",256,256,wikiart-master/wiki_art_saved/resized_images_120/vincent-van-gogh_1881_205857.jpg
Woman by a Hearth,207464,van Gogh Vincent ,1885.0,https://uploads1.wikiart.org/images/vincent-van-gogh/woman-by-a-hearth-1885.jpg!Large.jpg,vincent-van-gogh,genre painting,,Realism,,1.0,wikiart-master/wiki_art_saved/van_gogh/images/vincent-van-gogh/1885/207464.jpg,"(1887, 2265)",1887,2265,"(256, 256, 'wikiart-master/wiki_art_saved/resized_images_120/vincent-van-gogh_1885_207464.jpg')",256,256,wikiart-master/wiki_art_saved/resized_images_120/vincent-van-gogh_1885_207464.jpg
Alley Bordered by Trees,205681,van Gogh Vincent ,1884.0,https://uploads1.wikiart.org/images/vincent-van-gogh/alley-bordered-by-trees-1884(1).jpg!Large.jpg,vincent-van-gogh,landscape,,Realism,,1.0,wikiart-master/wiki_art_saved/van_gogh/images/vincent-van-gogh/1884/205681.jpg,"(731, 1200)",731,1200,"(256, 256, 'wikiart-master/wiki_art_saved/resized_images_120/vincent-van-gogh_1884_205681.jpg')",256,256,wikiart-master/wiki_art_saved/resized_images_120/vincent-van-gogh_1884_205681.jpg
Olive Picking,206373,van Gogh Vincent ,1889.0,https://uploads8.wikiart.org/images/vincent-van-gogh/olive-picking-1889-2.jpg!Large.jpg,vincent-van-gogh,genre painting,,Post-Impressionism,,1.0,wikiart-master/wiki_art_saved/van_gogh/images/vincent-van-gogh/1889/206373.jpg,"(1280, 991)",1280,991,"(256, 256, 'wikiart-master/wiki_art_saved/resized_images_120/vincent-van-gogh_1889_206373.jpg')",256,256,wikiart-master/wiki_art_saved/resized_images_120/vincent-van-gogh_1889_206373.jpg
Head of a Woman,206114,van Gogh Vincent ,1885.0,https://uploads5.wikiart.org/images/vincent-van-gogh/head-of-a-woman-4.jpg!Large.jpg,vincent-van-gogh,portrait,,Realism,,1.0,wikiart-master/wiki_art_saved/van_gogh/images/vincent-van-gogh/1885/206114.jpg,"(758, 1114)",758,1114,"(256, 256, 'wikiart-master/wiki_art_saved/resized_images_120/vincent-van-gogh_1885_206114.jpg')",256,256,wikiart-master/wiki_art_saved/resized_images_120/vincent-van-gogh_1885_206114.jpg
Portrait of the Artist's Mother,206674,van Gogh Vincent ,1888.0,https://uploads6.wikiart.org/images/vincent-van-gogh/portrait-of-the-artist-s-mother-1888.jpg!Large.jpg,vincent-van-gogh,portrait,,Post-Impressionism,,1.0,wikiart-master/wiki_art_saved/van_gogh/images/vincent-van-gogh/1888/206674.jpg,"(2124, 2712)",2124,2712,"(256, 256, 'wikiart-master/wiki_art_saved/resized_images_120/vincent-van-gogh_1888_206674.jpg')",256,256,wikiart-master/wiki_art_saved/resized_images_120/vincent-van-gogh_1888_206674.jpg
Beer Tankards,205730,van Gogh Vincent ,1885.0,https://uploads0.wikiart.org/images/vincent-van-gogh/beer-tankards-1885(1).jpg!Large.jpg,vincent-van-gogh,still life,,Realism,,1.0,wikiart-master/wiki_art_saved/van_gogh/images/vincent-van-gogh/1885/205730.jpg,"(1389, 1022)",1389,1022,"(256, 256, 'wikiart-master/wiki_art_saved/resized_images_120/vincent-van-gogh_1885_205730.jpg')",256,256,wikiart-master/wiki_art_saved/resized_images_120/vincent-van-gogh_1885_205730.jpg
Mother Roulin with Her Baby,206334,van Gogh Vincent ,1888.0,https://uploads4.wikiart.org/images/vincent-van-gogh/mother-roulin-with-her-baby-1888-1.jpg!Large.jpg,vincent-van-gogh,portrait,,Post-Impressionism,,1.0,wikiart-master/wiki_art_saved/van_gogh/images/vincent-van-gogh/1888/206334.jpg,"(1440, 1833)",1440,1833,"(256, 256, 'wikiart-master/wiki_art_saved/resized_images_120/vincent-van-gogh_1888_206334.jpg')",256,256,wikiart-master/wiki_art_saved/resized_images_120/vincent-van-gogh_1888_206334.jpg
"Orphan Man with Long Overcoat and Umbrella, Seen from the Back",206411,van Gogh Vincent ,1882.0,https://uploads0.wikiart.org/images/vincent-van-gogh/orphan-man-with-long-overcoat-and-umbrella-seen-from-the-back-1882.jpg!Large.jpg,vincent-van-gogh,portrait,,Realism,,1.0,wikiart-master/wiki_art_saved/van_gogh/images/vincent-van-gogh/1882/206411.jpg,"(608, 1024)",608,1024,"(256, 256, 'wikiart-master/wiki_art_saved/resized_images_120/vincent-van-gogh_1882_206411.jpg')",256,256,wikiart-master/wiki_art_saved/resized_images_120/vincent-van-gogh_1882_206411.jpg
The Trinquetaille Bridge,207199,van Gogh Vincent ,1888.0,https://uploads8.wikiart.org/images/vincent-van-gogh/the-trinquetaille-bridge-1888.jpg!Large.jpg,vincent-van-gogh,cityscape,,Post-Impressionism,,1.0,wikiart-master/wiki_art_saved/van_gogh/images/vincent-van-gogh/1888/207199.jpg,"(1779, 1434)",1779,1434,"(256, 256, 'wikiart-master/wiki_art_saved/resized_images_120/vincent-van-gogh_1888_207199.jpg')",256,256,wikiart-master/wiki_art_saved/resized_images_120/vincent-van-gogh_1888_207199.jpg
The Garden of Doctor Gachet at Auvers-sur-Oise,207090,van Gogh Vincent ,1890.0,https://uploads6.wikiart.org/images/vincent-van-gogh/the-garden-of-doctor-gachet-at-auvers-sur-oise-1890(1).jpg!Large.jpg,vincent-van-gogh,landscape,,Post-Impressionism,,1.0,wikiart-master/wiki_art_saved/van_gogh/images/vincent-van-gogh/1890/207090.jpg,"(2130, 3180)",2130,3180,"(256, 256, 'wikiart-master/wiki_art_saved/resized_images_120/vincent-van-gogh_1890_207090.jpg')",256,256,wikiart-master/wiki_art_saved/resized_images_120/vincent-van-gogh_1890_207090.jpg
Dunes with Figures,205879,van Gogh Vincent ,1882.0,https://uploads5.wikiart.org/images/vincent-van-gogh/dunes-with-figures-1882(1).jpg!Large.jpg,vincent-van-gogh,genre painting,,Realism,,1.0,wikiart-master/wiki_art_saved/van_gogh/images/vincent-van-gogh/1882/205879.jpg,"(1024, 734)",1024,734,"(256, 256, 'wikiart-master/wiki_art_saved/resized_images_120/vincent-van-gogh_1882_205879.jpg')",256,256,wikiart-master/wiki_art_saved/resized_images_120/vincent-van-gogh_1882_205879.jpg
"Weaver, with a Baby in a Highchair",207411,van Gogh Vincent ,1884.0,https://uploads8.wikiart.org/images/vincent-van-gogh/weaver-with-a-baby-in-a-highchair-1884.jpg!Large.jpg,vincent-van-gogh,genre painting,,Realism,,1.0,wikiart-master/wiki_art_saved/van_gogh/images/vincent-van-gogh/1884/207411.jpg,"(2209, 1762)",2209,1762,"(256, 256, 'wikiart-master/wiki_art_saved/resized_images_120/vincent-van-gogh_1884_207411.jpg')",256,256,wikiart-master/wiki_art_saved/resized_images_120/vincent-van-gogh_1884_207411.jpg
Cottage,205809,van Gogh Vincent ,1885.0,https://uploads7.wikiart.org/images/vincent-van-gogh/cottage(1).jpg!Large.jpg,vincent-van-gogh,landscape,,Realism,,1.0,wikiart-master/wiki_art_saved/van_gogh/images/vincent-van-gogh/1885/205809.jpg,"(1763, 1323)",1763,1323,"(256, 256, 'wikiart-master/wiki_art_saved/resized_images_120/vincent-van-gogh_1885_205809.jpg')",256,256,wikiart-master/wiki_art_saved/resized_images_120/vincent-van-gogh_1885_205809.jpg
Old Man Reading,206351,van Gogh Vincent ,1882.0,https://uploads8.wikiart.org/images/vincent-van-gogh/old-man-reading-1882.jpg!Large.jpg,vincent-van-gogh,genre painting,,Realism,,1.0,wikiart-master/wiki_art_saved/van_gogh/images/vincent-van-gogh/1882/206351.jpg,"(1593, 2766)",1593,2766,"(256, 256, 'wikiart-master/wiki_art_saved/resized_images_120/vincent-van-gogh_1882_206351.jpg')",256,256,wikiart-master/wiki_art_saved/resized_images_120/vincent-van-gogh_1882_206351.jpg
Vase with Pink Roses,9223372032559850104,van Gogh Vincent ,1890.0,https://uploads8.wikiart.org/00289/images/vincent-van-gogh/vase-with-pink-roses-1890.jpg!Large.jpg,vincent-van-gogh,flower painting,,Post-Impressionism,,1.0,wikiart-master/wiki_art_saved/van_gogh/images/vincent-van-gogh/1890/9223372032559850104.jpg,"(564, 446)",564,446,"(256, 256, 'wikiart-master/wiki_art_saved/resized_images_120/vincent-van-gogh_1890_9223372032559850104.jpg')",256,256,wikiart-master/wiki_art_saved/resized_images_120/vincent-van-gogh_1890_9223372032559850104.jpg
Portrait of Adeline Ravoux,206647,van Gogh Vincent ,1890.0,https://uploads1.wikiart.org/images/vincent-van-gogh/portrait-of-adeline-ravoux-1890.jpg!Large.jpg,vincent-van-gogh,portrait,,Post-Impressionism,,1.0,wikiart-master/wiki_art_saved/van_gogh/images/vincent-van-gogh/1890/206647.jpg,"(2062, 2513)",2062,2513,"(256, 256, 'wikiart-master/wiki_art_saved/resized_images_120/vincent-van-gogh_1890_206647.jpg')",256,256,wikiart-master/wiki_art_saved/resized_images_120/vincent-van-gogh_1890_206647.jpg
The Plain at Auvers,207151,van Gogh Vincent ,1890.0,https://uploads3.wikiart.org/images/vincent-van-gogh/the-plain-at-auvers-1890.jpg!Large.jpg,vincent-van-gogh,landscape,,Post-Impressionism,,1.0,wikiart-master/wiki_art_saved/van_gogh/images/vincent-van-gogh/1890/207151.jpg,"(2024, 1616)",2024,1616,"(256, 256, 'wikiart-master/wiki_art_saved/resized_images_120/vincent-van-gogh_1890_207151.jpg')",256,256,wikiart-master/wiki_art_saved/resized_images_120/vincent-van-gogh_1890_207151.jpg
The Park at Arles with the Entrance Seen through the Trees,207146,van Gogh Vincent ,1888.0,https://uploads6.wikiart.org/images/vincent-van-gogh/the-park-at-arles-with-the-entrance-seen-through-the-trees-1888.jpg!Large.jpg,vincent-van-gogh,landscape,,Post-Impressionism,,1.0,wikiart-master/wiki_art_saved/van_gogh/images/vincent-van-gogh/1888/207146.jpg,"(850, 1024)",850,1024,"(256, 256, 'wikiart-master/wiki_art_saved/resized_images_120/vincent-van-gogh_1888_207146.jpg')",256,256,wikiart-master/wiki_art_saved/resized_images_120/vincent-van-gogh_1888_207146.jpg
The House of Pere Eloi,207112,van Gogh Vincent ,1890.0,https://uploads6.wikiart.org/images/vincent-van-gogh/the-house-of-pere-eloi-1890.jpg!Large.jpg,vincent-van-gogh,landscape,,Post-Impressionism,,1.0,wikiart-master/wiki_art_saved/van_gogh/images/vincent-van-gogh/1890/207112.jpg,"(1024, 884)",1024,884,"(256, 256, 'wikiart-master/wiki_art_saved/resized_images_120/vincent-van-gogh_1890_207112.jpg')",256,256,wikiart-master/wiki_art_saved/resized_images_120/vincent-van-gogh_1890_207112.jpg
